{
  "size_accuracy": 0.48933333333333334,
  "fit_accuracy": 0.6653333333333333,
  "avg_size_confidence": 0.4635361433029175,
  "avg_fit_confidence": 0.6480870246887207,
  "size_report": {
    "XS": {
      "precision": 0.6666666666666666,
      "recall": 0.19753086419753085,
      "f1-score": 0.3047619047619048,
      "support": 162.0
    },
    "S": {
      "precision": 0.4589041095890411,
      "recall": 0.4511784511784512,
      "f1-score": 0.45500848896434637,
      "support": 297.0
    },
    "M": {
      "precision": 0.45932203389830506,
      "recall": 0.6244239631336406,
      "f1-score": 0.529296875,
      "support": 434.0
    },
    "L": {
      "precision": 0.5421994884910486,
      "recall": 0.5492227979274611,
      "f1-score": 0.5456885456885456,
      "support": 386.0
    },
    "XL": {
      "precision": 0.3931034482758621,
      "recall": 0.40425531914893614,
      "f1-score": 0.3986013986013986,
      "support": 141.0
    },
    "XXL": {
      "precision": 0.8235294117647058,
      "recall": 0.35,
      "f1-score": 0.49122807017543857,
      "support": 80.0
    },
    "accuracy": 0.48933333333333334,
    "macro avg": {
      "precision": 0.5572875264476048,
      "recall": 0.42943523259766997,
      "f1-score": 0.4540975471986057,
      "support": 1500.0
    },
    "weighted avg": {
      "precision": 0.5161594833102849,
      "recall": 0.48933333333333334,
      "f1-score": 0.4802404099976335,
      "support": 1500.0
    }
  },
  "fit_report": {
    "slim": {
      "precision": 0.6908396946564885,
      "recall": 0.5070028011204482,
      "f1-score": 0.5848142164781907,
      "support": 357.0
    },
    "regular": {
      "precision": 0.6604477611940298,
      "recall": 0.8398576512455516,
      "f1-score": 0.739425587467363,
      "support": 843.0
    },
    "relaxed": {
      "precision": 0.6566265060240963,
      "recall": 0.36333333333333334,
      "f1-score": 0.4678111587982833,
      "support": 300.0
    },
    "accuracy": 0.6653333333333333,
    "macro avg": {
      "precision": 0.6693046539582049,
      "recall": 0.570064595233111,
      "f1-score": 0.5973503209146123,
      "support": 1500.0
    },
    "weighted avg": {
      "precision": 0.6669167903241083,
      "recall": 0.6653333333333333,
      "f1-score": 0.6483051954381239,
      "support": 1500.0
    }
  }
}