{
  "mean": [
    0.2159143090248108,
    0.07144693285226822,
    0.06216389313340187,
    1.4399447441101074
  ],
  "std": [
    0.015674114227294922,
    0.006262707058340311,
    0.007417856715619564,
    0.090411476790905
  ]
}